Student_ID,Age,University_Year,Sleep_Duration,Study_Hours,Screen_Time,Caffeine_Intake,Physical_Activity,Sleep_Quality,Weekday_Sleep_Start,Weekend_Sleep_Start,Weekday_Sleep_End,Weekend_Sleep_End,Gender_Female,Gender_Male,Gender_Other
0,0.857142857,0.333333333,0.74,0.655462185,0.8,0.4,0.308333333,1,0.627338129,0.100250627,0.605527638,0.010075567,FALSE,FALSE,TRUE
0.002004008,0.428571429,0,0.46,0.495798319,0.3,1,0.616666667,0.111111111,0.366906475,0.253132832,0.806532663,0.803526448,FALSE,TRUE,FALSE
0.004008016,0.571428571,1,0.22,0.554621849,0.966666667,1,0.441666667,0.444444444,0.907434053,0.923308271,0.472361809,0.982367758,FALSE,TRUE,FALSE
0.006012024,0.857142857,1,0.46,0.714285714,0.6,0.8,0.458333333,0.888888889,0.898800959,0.101754386,0.424623116,0.604534005,FALSE,FALSE,TRUE
0.008016032,0.285714286,1,0.14,0.218487395,0.566666667,0,0.708333333,0.222222222,0.954436451,0.204010025,1,0.501259446,FALSE,TRUE,FALSE
0.01002004,1,0,0.18,1,0.733333333,0.6,0.8,0.888888889,0.41822542,0.841102757,0.010050251,0.879093199,FALSE,FALSE,TRUE
0.012024048,0.571428571,0.333333333,0.5,0.974789916,0.8,0.2,0.825,0.555555556,0.574100719,0.947869674,0.899497487,0.95465995,TRUE,FALSE,FALSE
0.014028056,0.571428571,0.333333333,0.42,0.647058824,0.666666667,0.2,0.9,0.333333333,0.451318945,0.441102757,0.150753769,0.755667506,FALSE,TRUE,FALSE
0.016032064,0.857142857,0,0.92,0.193277311,0.133333333,0.2,0.716666667,0.666666667,0.478657074,0.843609023,0.788944724,0.443324937,TRUE,FALSE,FALSE
0.018036072,0.142857143,0.333333333,0.36,0.680672269,0.333333333,0.6,0.366666667,0.777777778,0.650839329,0.163408521,0.620603015,0.591939547,FALSE,FALSE,TRUE
0.02004008,0.285714286,0,0.58,0.067226891,0.933333333,1,0.9,0.555555556,0.320863309,0.640601504,0.344221106,0.700251889,TRUE,FALSE,FALSE
0.022044088,0.857142857,0.333333333,0.64,0.025210084,0.233333333,0,0.275,0.444444444,0.239328537,0.084711779,0.879396985,0.191435768,TRUE,FALSE,FALSE
0.024048096,0.285714286,0.666666667,0.02,0.25210084,0.366666667,0.6,0.066666667,0.555555556,0.988489209,0.433082707,0.012562814,0.445843829,FALSE,FALSE,TRUE
0.026052104,0.285714286,0.666666667,0.66,0.462184874,0.433333333,0.2,0.725,0.444444444,0.794724221,0.817042607,0.228643216,0.831234257,TRUE,FALSE,FALSE
0.028056112,1,1,0.18,0.865546218,0.433333333,0.8,0.058333333,0.777777778,0.284892086,0.860150376,0.570351759,0.654911839,TRUE,FALSE,FALSE
0.03006012,0.571428571,0.666666667,0.96,0.722689076,0.6,0.4,0.05,0,0.613908873,0.422055138,0.354271357,0.408060453,FALSE,FALSE,TRUE
0.032064128,0.428571429,0.666666667,0.14,0.739495798,0.933333333,0.6,0.291666667,0.666666667,0.336211031,0.236090226,0.613065327,0.662468514,TRUE,FALSE,FALSE
0.034068136,1,0.666666667,0.42,0.420168067,0.233333333,0.6,0.141666667,1,0.653717026,0.216541353,0.025125628,0.113350126,FALSE,FALSE,TRUE
0.036072144,1,0,0.08,0.344537815,0.133333333,0,0.016666667,1,0.609592326,0.723308271,0.118090452,0.400503778,TRUE,FALSE,FALSE
0.038076152,0.285714286,0.666666667,1,0.369747899,0.2,0,0.225,0.111111111,0.843645084,0.795488722,0.128140704,0.793450882,FALSE,FALSE,TRUE
0.04008016,0.714285714,0.666666667,0.5,0.991596639,0.9,0.6,0.575,0.888888889,0.743405276,0.982957393,0.190954774,0.216624685,FALSE,FALSE,TRUE
0.042084168,0.571428571,1,0.6,0.033613445,0.633333333,0.2,0.891666667,0,0.393764988,0.319298246,0.462311558,0.181360202,TRUE,FALSE,FALSE
0.044088176,0.142857143,0.666666667,0.06,0.865546218,0.3,0.4,0.358333333,1,0.566906475,0.923308271,0.756281407,0.952141058,TRUE,FALSE,FALSE
0.046092184,1,0.666666667,0.74,0.571428571,0.8,0,0.166666667,0.555555556,0.223501199,0.577944862,0.909547739,0.206549118,TRUE,FALSE,FALSE
0.048096192,0.428571429,0.333333333,0.2,0.43697479,0.866666667,0.2,0.225,0.888888889,0.144844125,0.396992481,0.83919598,0.256926952,FALSE,TRUE,FALSE
0.0501002,0.714285714,1,0.9,0.722689076,0.833333333,0.8,0.858333333,0,0.458033573,0.060651629,0.198492462,0.972292191,FALSE,TRUE,FALSE
0.052104208,0.714285714,1,0.2,0.478991597,0.933333333,0,0.441666667,0.333333333,0.239808153,0.687218045,0.442211055,0.735516373,FALSE,TRUE,FALSE
0.054108216,0.142857143,1,0.2,0.87394958,0.266666667,0.2,0.441666667,0.333333333,0.694484412,0.749373434,0.201005025,0.700251889,FALSE,FALSE,TRUE
0.056112224,1,1,0.04,0.899159664,0.766666667,0.2,0.533333333,0.888888889,0.585611511,0.344360902,0.266331658,0.853904282,TRUE,FALSE,FALSE
0.058116232,0.428571429,1,0.48,0.420168067,0.466666667,0.4,0.825,0.444444444,0.285371703,0.379448622,0.505025126,0.110831234,FALSE,FALSE,TRUE
0.06012024,0.571428571,1,0.56,0.268907563,0.833333333,0.4,0.166666667,0.444444444,0.614388489,0.66716792,0.067839196,0.705289673,FALSE,TRUE,FALSE
0.062124248,0,0,0.06,0.588235294,0.733333333,0.8,0.883333333,0.555555556,0.410551559,0.069674185,0.218592965,0.501259446,TRUE,FALSE,FALSE
0.064128257,0.428571429,0.666666667,0.78,0.907563025,0.766666667,0.2,0.816666667,0,0.816786571,0.152882206,0.939698492,0.831234257,FALSE,FALSE,TRUE
0.066132265,0.142857143,1,0.46,0.201680672,0.666666667,1,0.1,0,0.399040767,0.775438596,0.467336683,0.506297229,TRUE,FALSE,FALSE
0.068136273,0.714285714,0.666666667,0.52,0.621848739,0.166666667,0.2,0.466666667,0.888888889,0.135731415,0.760401003,0.447236181,0.619647355,FALSE,FALSE,TRUE
0.070140281,0.571428571,0.666666667,0.44,0.630252101,0.533333333,0.4,0.4,0.222222222,0.12853717,0.486215539,0.015075377,0.476070529,TRUE,FALSE,FALSE
0.072144289,0.428571429,0,0.4,0.731092437,1,1,0.975,0.333333333,0.273860911,0.224561404,0.248743719,0.476070529,FALSE,TRUE,FALSE
0.074148297,0,1,0.56,0.12605042,0.933333333,0,0.441666667,0,0.252278177,0.955889724,0.871859296,0.768261965,FALSE,TRUE,FALSE
0.076152305,0,0.333333333,0.16,0.714285714,0.033333333,0,0.075,0.888888889,0.441247002,0.304761905,0.165829146,0.62720403,TRUE,FALSE,FALSE
0.078156313,0.285714286,0,0.18,0.907563025,0.166666667,0.6,0.433333333,0.777777778,0.414388489,0.35037594,0.417085427,0.632241814,FALSE,FALSE,TRUE
0.080160321,0.285714286,0.333333333,0.86,0.176470588,0.133333333,0.4,0.358333333,0.111111111,0.868585132,0.767919799,0.015075377,0.44836272,FALSE,TRUE,FALSE
0.082164329,0.857142857,0.666666667,0.94,0.235294118,0.733333333,0.6,0.383333333,0.777777778,0.556354916,0.31679198,0.479899497,0.528967254,FALSE,TRUE,FALSE
0.084168337,0.142857143,0.666666667,0.38,0.974789916,0.833333333,1,0.433333333,0.666666667,0.549160671,0.05764411,0.020100503,0.74559194,FALSE,TRUE,FALSE
0.086172345,1,0,0.28,0.176470588,0.2,0.4,0.608333333,0.555555556,0.037889688,0.952882206,0.824120603,0.826196474,TRUE,FALSE,FALSE
0.088176353,0.428571429,0,0.64,0.857142857,0.5,0.8,0.375,0,0.569304556,0.679699248,0.829145729,0.697732997,TRUE,FALSE,FALSE
0.090180361,0.428571429,0.333333333,0.4,0.487394958,0.833333333,0.2,0.1,0.666666667,0.449880096,0.560902256,0.791457286,0.926952141,FALSE,FALSE,TRUE
0.092184369,1,1,0.02,0.243697479,0.733333333,0.8,0.3,1,0.46618705,0.098245614,0.283919598,0.82115869,FALSE,FALSE,TRUE
0.094188377,0.857142857,0.333333333,0.16,0.865546218,0.533333333,1,0.841666667,0.666666667,0.362110312,0.035087719,0.841708543,0.561712846,FALSE,FALSE,TRUE
0.096192385,0.714285714,0,0.72,0.43697479,0.6,0.4,0.191666667,0.888888889,0.249880096,0.554887218,0.545226131,0.672544081,TRUE,FALSE,FALSE
0.098196393,0.714285714,0.333333333,0.66,0.512605042,0.5,1,0.008333333,0,0.776498801,0.248120301,0.376884422,0.929471033,TRUE,FALSE,FALSE
0.100200401,0.857142857,0,0.02,0.352941176,0.3,0.2,0.708333333,0.111111111,0.470983213,0.46716792,0.628140704,0.619647355,FALSE,FALSE,TRUE
0.102204409,0.714285714,0.333333333,0.22,0.588235294,0.566666667,0,0.666666667,0.888888889,0.171702638,0.460651629,0.012562814,0.826196474,FALSE,FALSE,TRUE
0.104208417,0.285714286,0,0.24,0.159663866,0.7,0,0.825,0.888888889,0.536690647,0.721303258,0.14321608,0.690176322,TRUE,FALSE,FALSE
0.106212425,0.428571429,0,0.68,0.386554622,0.866666667,1,0.108333333,0.555555556,0.722781775,0.78245614,0.746231156,0.55163728,FALSE,FALSE,TRUE
0.108216433,0.857142857,0,0.02,0.966386555,0.633333333,0.6,0.075,0.555555556,0.343884892,0.711278195,0.246231156,0.23929471,FALSE,TRUE,FALSE
0.110220441,0.428571429,1,0.1,0.25210084,0.766666667,0.4,0.283333333,0.333333333,0.173621103,0.442105263,0.600502513,0.423173804,TRUE,FALSE,FALSE
0.112224449,1,0.333333333,0.8,0.655462185,0.166666667,0.4,0.2,0.333333333,0.939568345,0.970927318,0.386934673,0.9697733,FALSE,FALSE,TRUE
0.114228457,0,0.333333333,0.18,0.319327731,0.466666667,0,0.016666667,0.444444444,0.221103118,0.090726817,0.859296482,0.65743073,TRUE,FALSE,FALSE
0.116232465,0.285714286,0.333333333,0.66,0.773109244,0,0.8,0.916666667,0.222222222,0.176019185,0.843107769,0.957286432,0.564231738,FALSE,TRUE,FALSE
0.118236473,0.571428571,0,0.24,0.12605042,0.233333333,0.2,0.841666667,0,0.538609113,0.779448622,0.886934673,0.934508816,TRUE,FALSE,FALSE
0.120240481,0.285714286,0.333333333,0.1,0.966386555,0.733333333,0.8,0.133333333,0,0.01294964,0.480200501,0.271356784,0.586901763,TRUE,FALSE,FALSE
0.122244489,0.857142857,0.333333333,0.24,0.445378151,1,0.8,0.091666667,0.666666667,0.211031175,0.288220551,0.195979899,0.523929471,TRUE,FALSE,FALSE
0.124248497,0.571428571,0,0.72,0.226890756,0.1,1,0.441666667,0,0.223980815,0.904260652,0.477386935,0.76070529,TRUE,FALSE,FALSE
0.126252505,0,0.666666667,0.86,0.067226891,0.4,0,0.958333333,0,0.250359712,0.681704261,0.007537688,0.712846348,FALSE,TRUE,FALSE
0.128256513,0.857142857,0,0.84,0.159663866,0.8,0,0.191666667,0.222222222,0.851798561,0.029072682,0.025125628,0.188916877,TRUE,FALSE,FALSE
0.130260521,0.142857143,0.333333333,0.4,0.512605042,0.2,0,0.233333333,1,0.784652278,0.736842105,0.555276382,0.471032746,TRUE,FALSE,FALSE
0.132264529,0.428571429,0,0.66,0.327731092,0.566666667,1,0.35,0.333333333,0.536211031,0.686215539,0.522613065,0.471032746,FALSE,FALSE,TRUE
0.134268537,0,0.666666667,0.2,0.823529412,0.733333333,0.6,0.2,0.333333333,0.73764988,0.161403509,1,0.375314861,TRUE,FALSE,FALSE
0.136272545,0.428571429,0,0.3,0.428571429,0.6,0.8,0.825,0.111111111,0.585131894,0.949874687,0.203517588,0.516372796,FALSE,FALSE,TRUE
0.138276553,0.714285714,0.333333333,0.9,0.243697479,0.2,1,0.491666667,0,0.108393285,0.53433584,0.25879397,0.410579345,FALSE,TRUE,FALSE
0.140280561,0.142857143,0.666666667,0.02,0.613445378,0.366666667,0.4,0.741666667,0.222222222,0.173141487,0.619548872,0.113065327,0.196473552,FALSE,TRUE,FALSE
0.142284569,0.142857143,1,0.08,0.705882353,0.8,0.2,0.841666667,0.333333333,0.36882494,0.682706767,0.922110553,0.410579345,FALSE,TRUE,FALSE
0.144288577,0,0.333333333,0.2,0.159663866,0.566666667,0.6,0.533333333,0.222222222,0.139088729,0.713784461,0.781407035,0.068010076,FALSE,TRUE,FALSE
0.146292585,0.142857143,0.666666667,0.02,0.159663866,0,0.4,0.691666667,0.777777778,0.213908873,0.908270677,0.826633166,0.574307305,FALSE,FALSE,TRUE
0.148296593,0.571428571,0.666666667,0.18,0.025210084,0.766666667,0.8,0.983333333,1,0.571223022,0.684210526,0.907035176,0.853904282,TRUE,FALSE,FALSE
0.150300601,0.142857143,1,0.58,0.731092437,0.033333333,0,0.225,0,0.800959233,0.956892231,0.527638191,0.725440806,FALSE,TRUE,FALSE
0.152304609,0.428571429,0,0.42,0.663865546,0.733333333,0.8,0.125,0.111111111,0.485371703,0.217042607,0.452261307,0.35768262,TRUE,FALSE,FALSE
0.154308617,0.428571429,0,0.9,0.470588235,0.2,1,0.383333333,0.666666667,0.261870504,0.601002506,0.331658291,0.083123426,FALSE,FALSE,TRUE
0.156312625,0.857142857,0.333333333,0.82,0.840336134,0.966666667,0.2,0.666666667,0.333333333,0.564028777,0.554887218,0.592964824,0.198992443,FALSE,FALSE,TRUE
0.158316633,0.428571429,1,0.34,0.806722689,0.366666667,1,0.858333333,0.777777778,0.331894484,0.104260652,0.457286432,0.544080605,FALSE,FALSE,TRUE
0.160320641,0.857142857,0,0.26,0.579831933,0.333333333,0.6,0.758333333,0.222222222,0.908393285,0.340350877,0.454773869,0.204030227,FALSE,TRUE,FALSE
0.162324649,0.428571429,1,0.38,0.865546218,0.133333333,0.6,0.475,0.555555556,0.249880096,0.99197995,0.942211055,0.544080605,TRUE,FALSE,FALSE
0.164328657,0.571428571,0,0.6,0.201680672,0.3,0.2,0.625,0.888888889,0.184652278,0.054636591,0.989949749,0.229219144,TRUE,FALSE,FALSE
0.166332665,1,0.666666667,0.26,0.100840336,0.866666667,0.4,0.216666667,0,0.291606715,0.762406015,0.801507538,0.85138539,TRUE,FALSE,FALSE
0.168336673,0.857142857,0,0.62,0.260504202,1,0.4,0.975,0,0.029256595,0.892230576,0.761306533,0.395465995,FALSE,FALSE,TRUE
0.170340681,0.285714286,1,0.4,0.050420168,0.366666667,0.6,0.433333333,0.777777778,0.170743405,0.230075188,0.683417085,0.241813602,FALSE,TRUE,FALSE
0.172344689,0.714285714,0.666666667,0.56,0.529411765,0.433333333,0.6,0.341666667,0.222222222,0.094004796,0.498245614,0.165829146,0.813602015,FALSE,FALSE,TRUE
0.174348697,0,0.666666667,0.44,0.932773109,0.733333333,0,0.483333333,0.444444444,0.063309353,0.564912281,0.060301508,0.340050378,FALSE,FALSE,TRUE
0.176352705,0.428571429,0.666666667,0.3,0.033613445,0.9,0.4,0.383333333,0,0.19616307,0.749874687,0.693467337,0.108312343,TRUE,FALSE,FALSE
0.178356713,0.142857143,1,0.94,0.117647059,0.6,0.2,0.775,0.444444444,0.324220624,0.45112782,0.733668342,0.569269521,FALSE,FALSE,TRUE
0.180360721,1,0.333333333,0.76,0.445378151,0.4,0.4,0.866666667,0.555555556,0.997601918,0.72481203,0.047738693,0.58186398,TRUE,FALSE,FALSE
0.182364729,0.428571429,0.333333333,0.14,0.932773109,0.4,0,0.275,0.777777778,0.534292566,0.096240602,0.932160804,0.715365239,FALSE,TRUE,FALSE
0.184368737,0.142857143,0.333333333,0.86,0.31092437,0.7,1,0.3,0.222222222,0.428297362,0.784461153,0.090452261,0.236775819,TRUE,FALSE,FALSE
0.186372745,0.714285714,1,0.48,0.504201681,0,0.6,0.041666667,0.222222222,0.69736211,0.113283208,0.286432161,0.443324937,FALSE,TRUE,FALSE
0.188376754,0.714285714,0.666666667,0.9,0.033613445,0.633333333,0.6,0.05,1,0.682973621,0.439097744,0.675879397,0.279596977,TRUE,FALSE,FALSE
0.190380762,0.714285714,0.333333333,0.8,0.142857143,0.366666667,0,0.791666667,0.888888889,0.035491607,0.169423559,0.170854271,0.075566751,FALSE,FALSE,TRUE
0.19238477,0.142857143,1,0.42,0.983193277,0.8,0.2,0.791666667,0.333333333,0.105035971,0.285213033,0.055276382,0.879093199,FALSE,FALSE,TRUE
0.194388778,0.428571429,0.333333333,0.02,0.966386555,0.1,0.6,0.966666667,0.333333333,0.148201439,0.301754386,0.331658291,0.730478589,FALSE,TRUE,FALSE
0.196392786,0.714285714,0,0.26,0,0.6,0.8,0.2,0.666666667,0.594244604,0.674686717,0.768844221,0.299748111,FALSE,TRUE,FALSE
0.198396794,0.571428571,0.333333333,0.54,0.949579832,0.466666667,0.6,0.266666667,0.111111111,0.989448441,0.765413534,0.414572864,0.599496222,FALSE,TRUE,FALSE
0.200400802,0.857142857,0.333333333,0.64,0.638655462,0.633333333,0.8,0.45,0.777777778,0.922781775,0.788471178,0.655778894,0.198992443,TRUE,FALSE,FALSE
0.20240481,0.142857143,0.666666667,0.26,0.865546218,0.066666667,0,0.475,0.555555556,0.688729017,0.14085213,0.582914573,0.891687657,TRUE,FALSE,FALSE
0.204408818,0.142857143,1,0.14,0.453781513,0.566666667,0,0.05,0.222222222,0.987529976,0.177443609,0.022613065,0.110831234,FALSE,TRUE,FALSE
0.206412826,0.428571429,0.666666667,0.84,0.512605042,0.566666667,0.6,0.958333333,0.888888889,0.986091127,0.55839599,0.992462312,0,FALSE,FALSE,TRUE
0.208416834,0.142857143,0.666666667,0.98,0.487394958,0.566666667,0.4,0.466666667,0.444444444,0.080095923,0.86716792,0.042713568,0.501259446,TRUE,FALSE,FALSE
0.210420842,0.142857143,0.666666667,0.52,0.663865546,0.6,0.8,0.091666667,0.777777778,0.292086331,0.616541353,0.972361809,0.58186398,TRUE,FALSE,FALSE
0.21242485,0.714285714,0.666666667,0.18,0.134453782,0.666666667,0.2,0.125,0.666666667,0.692086331,0.378947368,0.552763819,0.579345088,TRUE,FALSE,FALSE
0.214428858,0.428571429,0.666666667,0.28,0.025210084,0.8,0.6,0.658333333,0.777777778,0.869544365,0.544360902,0.967336683,0.050377834,FALSE,TRUE,FALSE
0.216432866,0.714285714,0.333333333,0.02,0.302521008,0.266666667,0.2,0.35,0.666666667,0.4882494,0.218045113,0.115577889,0.312342569,FALSE,TRUE,FALSE
0.218436874,0.857142857,0.666666667,0.92,0.705882353,0.833333333,0.6,0.966666667,0.222222222,0.998081535,0,0.492462312,0.498740554,FALSE,TRUE,FALSE
0.220440882,1,0.666666667,0.12,0.193277311,0.5,0.4,0.825,0.111111111,0.058033573,0.808521303,0.170854271,0.214105793,FALSE,TRUE,FALSE
0.22244489,0.857142857,1,0.58,0.672268908,0.066666667,0.4,0.633333333,0.666666667,0.585611511,0.539348371,0.050251256,0.874055416,FALSE,TRUE,FALSE
0.224448898,1,0,0.28,0.966386555,0.066666667,0.4,0.05,0.222222222,0.598081535,0.567919799,0.620603015,0.083123426,FALSE,FALSE,TRUE
0.226452906,0.714285714,0.333333333,0.56,0.084033613,0.333333333,1,0.825,0.222222222,0.610071942,0.694736842,0.208542714,0.486146096,FALSE,FALSE,TRUE
0.228456914,0.857142857,0.333333333,0.66,0.672268908,0.8,0.4,0.916666667,0.111111111,0.933333333,0.801503759,0.590452261,0.692695214,FALSE,TRUE,FALSE
0.230460922,0.428571429,0.333333333,0.82,0.43697479,0.7,0,0.416666667,0.333333333,0.360671463,0.93433584,0.113065327,0.259445844,TRUE,FALSE,FALSE
0.23246493,0,0.666666667,0.2,0.865546218,0.8,0,0.6,0.777777778,0.265227818,0.110776942,0.334170854,0.624685139,FALSE,TRUE,FALSE
0.234468938,0.714285714,0.666666667,0.02,0.168067227,0.533333333,1,0.258333333,0,0.322302158,0.578947368,0.786432161,0.831234257,FALSE,FALSE,TRUE
0.236472946,1,0.666666667,0.14,0.68907563,0.433333333,0.8,0.616666667,0,0.863788969,0.501754386,0.439698492,0.186397985,FALSE,FALSE,TRUE
0.238476954,0.571428571,1,0.9,0.840336134,0.133333333,0.2,0.058333333,0.444444444,0.420143885,0.080701754,0.630653266,0.919395466,TRUE,FALSE,FALSE
0.240480962,1,0,0.88,0.941176471,0.333333333,0.6,0.8,0.444444444,0.429736211,0.221553885,0.650753769,0.55163728,FALSE,FALSE,TRUE
0.24248497,0.571428571,0.666666667,0.6,0.680672269,0.433333333,0.6,0.716666667,0,0.12853717,0.869172932,0.849246231,0.297229219,FALSE,TRUE,FALSE
0.244488978,0.142857143,0,0.6,0.495798319,0.1,1,0.733333333,0.555555556,0.621582734,0.433082707,0.326633166,0.428211587,TRUE,FALSE,FALSE
0.246492986,0.857142857,1,0.66,0.613445378,0.233333333,0,0.991666667,0,0.629256595,0.556390977,0.690954774,0.309823678,FALSE,TRUE,FALSE
0.248496994,0.571428571,0.333333333,0.18,0.865546218,0.6,0.6,0.591666667,0.444444444,0.380335731,0.201002506,0.967336683,0.725440806,FALSE,TRUE,FALSE
0.250501002,1,0.666666667,0.92,0.56302521,0.733333333,0,0.366666667,0.888888889,0.365947242,0.274185464,0.733668342,0.798488665,TRUE,FALSE,FALSE
0.25250501,0.142857143,0,0.42,0.025210084,1,0.8,0.708333333,0.444444444,0.530935252,0.307769424,0.492462312,0.833753149,FALSE,TRUE,FALSE
0.254509018,0,0,0.38,0.932773109,0.933333333,0.2,0.483333333,0.555555556,0.557314149,0.658646617,0.633165829,0.987405542,FALSE,FALSE,TRUE
0.256513026,0.428571429,0.666666667,0.52,0.68907563,0.633333333,0.8,0.025,0.777777778,0.505515588,0.192982456,0.743718593,0.793450882,FALSE,TRUE,FALSE
0.258517034,0.428571429,0.333333333,0.04,0.672268908,0.433333333,1,0.858333333,0,0.136211031,0.947368421,0.615577889,0.602015113,TRUE,FALSE,FALSE
0.260521042,0.428571429,0.333333333,0.16,0.210084034,0.633333333,0.4,0.55,0.111111111,0.539088729,0.840100251,0.01758794,0.337531486,TRUE,FALSE,FALSE
0.26252505,0.571428571,0.333333333,0.74,0.655462185,0.8,0.4,0.233333333,0.888888889,0.056594724,0.663659148,0.195979899,0.544080605,TRUE,FALSE,FALSE
0.264529058,0,1,0.08,0.386554622,0.133333333,0.4,0.866666667,0.222222222,0.495923261,0.922807018,0.814070352,0.035264484,FALSE,TRUE,FALSE
0.266533066,0.571428571,0,0.6,0.647058824,0.4,0.8,0.233333333,0.555555556,0.047482014,0.764411028,0.273869347,0.74559194,TRUE,FALSE,FALSE
0.268537074,0.857142857,0,0.24,0.100840336,0.833333333,0.6,0.808333333,0.444444444,0.164508393,0.167919799,0.736180905,0.443324937,TRUE,FALSE,FALSE
0.270541082,0.571428571,0,0.38,0.655462185,0.4,0.2,0.808333333,0.111111111,0.638369305,0.049122807,0.374371859,0.01511335,FALSE,TRUE,FALSE
0.27254509,0,1,0.28,1,0.566666667,0.4,0.225,0.666666667,0.133333333,0.694736842,0.525125628,0.057934509,FALSE,FALSE,TRUE
0.274549098,0,0,0.36,0.042016807,0.6,1,0.633333333,0.333333333,0.892565947,0.734837093,0.067839196,0.385390428,FALSE,TRUE,FALSE
0.276553106,0.857142857,1,0.72,0.974789916,0.2,1,0.65,0,0.07146283,0.719298246,0.180904523,0.58186398,TRUE,FALSE,FALSE
0.278557114,0,0.333333333,0.3,0.403361345,0.366666667,0.4,0.716666667,0.333333333,0.367386091,0.721804511,0.962311558,0.463476071,TRUE,FALSE,FALSE
0.280561122,1,0.666666667,0.56,0.865546218,0.333333333,0.4,0.358333333,0.555555556,0.948681055,0.963909774,0.894472362,0.619647355,FALSE,TRUE,FALSE
0.28256513,0,0,0.48,0.781512605,0.033333333,0.2,0.741666667,0.666666667,0.354436451,0.070676692,0.655778894,0.478589421,FALSE,FALSE,TRUE
0.284569138,0.428571429,0,0.66,0.56302521,0.033333333,0.4,0.025,0.666666667,0.02206235,0.785964912,0.462311558,0.662468514,TRUE,FALSE,FALSE
0.286573146,1,0.333333333,0.94,0.739495798,0.833333333,0.2,0.741666667,0.666666667,0.932853717,0.578947368,0.67839196,0.216624685,TRUE,FALSE,FALSE
0.288577154,1,0.666666667,0.74,0.87394958,0.266666667,1,0.858333333,0.222222222,0.444604317,0.99047619,0.620603015,0.108312343,TRUE,FALSE,FALSE
0.290581162,0.857142857,1,0.22,0.394957983,0.533333333,0.4,0.066666667,0.555555556,0.250359712,0.139849624,0.570351759,0.59697733,FALSE,TRUE,FALSE
0.29258517,0.285714286,0.666666667,0.04,0.319327731,0.3,0.8,0.983333333,0.777777778,0.18705036,0.26716792,0.060301508,0.483627204,TRUE,FALSE,FALSE
0.294589178,0.285714286,0.333333333,0.26,0.663865546,0.933333333,0.8,0.033333333,0.333333333,0.586570743,0.050626566,0.635678392,0.022670025,FALSE,FALSE,TRUE
0.296593186,0,0.333333333,0.6,0.806722689,0.266666667,1,0.458333333,0.777777778,0.797601918,0.216541353,0.773869347,0.377833753,TRUE,FALSE,FALSE
0.298597194,1,0.666666667,0.06,0.756302521,0.433333333,0.2,0.791666667,0.111111111,0.960671463,0.685714286,1,0.100755668,TRUE,FALSE,FALSE
0.300601202,0.285714286,1,0.5,0.798319328,0.866666667,0.8,0.691666667,1,0.419664269,0.751378446,0.010050251,0.531486146,FALSE,FALSE,TRUE
0.30260521,0.285714286,1,0.6,0.428571429,0.833333333,0.2,0.408333333,0.888888889,0.547242206,0.30075188,0.733668342,0.392947103,TRUE,FALSE,FALSE
0.304609218,0,0,0.34,0.81512605,0.2,0.8,0.616666667,0.888888889,0.047961631,0.635087719,0.575376884,0.61209068,FALSE,TRUE,FALSE
0.306613226,0.285714286,1,0.78,0.109243697,0.8,0.8,0.116666667,0.777777778,0.942446043,0.432581454,0.43718593,0.80604534,FALSE,TRUE,FALSE
0.308617234,0.571428571,0.666666667,0.1,0.537815126,0.466666667,0.2,0.258333333,1,0.313189448,0.993483709,0.128140704,0.297229219,FALSE,TRUE,FALSE
0.310621242,0.142857143,0.333333333,0.08,0,0.466666667,0.6,0.225,1,0.978417266,0.937844612,0.412060302,0.964735516,FALSE,FALSE,TRUE
0.312625251,0.857142857,0,0.72,0.319327731,0.133333333,0.8,0.175,0,0.830695444,0.463157895,0.35678392,0.534005038,TRUE,FALSE,FALSE
0.314629259,0.142857143,0,0.5,0.361344538,0.066666667,0.4,0.866666667,0.111111111,0.546282974,0.432581454,0.304020101,0.617128463,FALSE,TRUE,FALSE
0.316633267,0,0.333333333,0.68,0.394957983,0.733333333,1,0.133333333,0.555555556,0.545323741,0.246616541,0.733668342,0.680100756,FALSE,FALSE,TRUE
0.318637275,0.428571429,1,0.44,0.68907563,0.5,0.6,0.483333333,1,0.312709832,0.867669173,0.703517588,0.667506297,TRUE,FALSE,FALSE
0.320641283,0.857142857,0.333333333,0.24,0.386554622,0.433333333,0.2,0.741666667,0.444444444,0.086810552,0.485714286,0.592964824,0.508816121,FALSE,FALSE,TRUE
0.322645291,0,1,0.82,0.445378151,0.733333333,0.6,0.891666667,0.888888889,0.35971223,0.805012531,0.942211055,0.428211587,FALSE,TRUE,FALSE
0.324649299,1,0.333333333,0.8,0.235294118,0.766666667,0,0.583333333,0.444444444,0.043165468,0.906766917,0.351758794,0.050377834,FALSE,TRUE,FALSE
0.326653307,0.428571429,0.666666667,0.7,0.369747899,0.166666667,0,0.875,0.111111111,0.11558753,0.588471178,0.246231156,0.017632242,FALSE,TRUE,FALSE
0.328657315,0.142857143,1,0.28,0.218487395,0.6,0.8,0.466666667,1,0.414868106,0.836090226,0.658291457,0.355163728,FALSE,FALSE,TRUE
0.330661323,0,0.666666667,0.6,0.067226891,0.133333333,0.8,0.208333333,0.333333333,0.163549161,0.777443609,0.201005025,0.329974811,FALSE,FALSE,TRUE
0.332665331,1,0,0.36,0.596638655,0.766666667,0.4,0.2,0.888888889,0.356354916,0.681704261,0.316582915,0.385390428,FALSE,TRUE,FALSE
0.334669339,0.857142857,0.333333333,0.1,0.663865546,0.666666667,1,0.075,0,0.924220624,0.739849624,0.226130653,0.133501259,FALSE,FALSE,TRUE
0.336673347,0.857142857,0,0.92,0.613445378,0.966666667,0.6,0.366666667,0,0.257553957,0.912280702,0.070351759,0.738035264,FALSE,TRUE,FALSE
0.338677355,0.714285714,0,0.14,0.462184874,0.066666667,0,0.683333333,0.666666667,0.907913669,0.909774436,0.831658291,0.858942065,FALSE,TRUE,FALSE
0.340681363,1,0,0.96,0.378151261,0.066666667,0.8,0.083333333,0.222222222,0.404796163,0.806516291,0.256281407,0.939546599,TRUE,FALSE,FALSE
0.342685371,0.571428571,0,0.44,0.865546218,0.266666667,1,0.633333333,1,0.295443645,0.949373434,0.474874372,0.491183879,FALSE,FALSE,TRUE
0.344689379,0.285714286,0.333333333,0.18,0.512605042,0.266666667,0.6,0.433333333,0.111111111,0.936211031,0.371929825,0.042713568,0.700251889,FALSE,TRUE,FALSE
0.346693387,0.428571429,0,0.54,0.478991597,0.233333333,0.8,0.591666667,0.888888889,0.770743405,0.711779449,0.703517588,0.856423174,FALSE,TRUE,FALSE
0.348697395,1,0.333333333,0.88,0.016806723,0.9,0.8,0.858333333,0.222222222,0.081055156,0.719799499,0.331658291,0.415617128,FALSE,FALSE,TRUE
0.350701403,0.714285714,0.333333333,0.74,0.336134454,0.233333333,0,0.558333333,0.111111111,0.382733813,0.66716792,0.748743719,0.307304786,TRUE,FALSE,FALSE
0.352705411,0.285714286,0.666666667,0.8,0.378151261,0.266666667,0,0.916666667,0.777777778,0.755395683,0.335338346,0.414572864,0.939546599,TRUE,FALSE,FALSE
0.354709419,0.285714286,1,0.66,0.394957983,0.766666667,0.8,0.783333333,1,0.307913669,0.127318296,0.195979899,0.513853904,FALSE,TRUE,FALSE
0.356713427,0,1,0.7,0.579831933,0.433333333,0.2,0.225,0.555555556,0.402398082,0.239097744,0.515075377,0.496221662,FALSE,FALSE,TRUE
0.358717435,0.285714286,0.333333333,0.84,0.529411765,0.766666667,0.8,0.616666667,0.555555556,0.498321343,0.270676692,0.130653266,0.173803526,TRUE,FALSE,FALSE
0.360721443,0.571428571,0.666666667,0.24,0.605042017,0.066666667,1,0.883333333,1,0.020143885,0.514285714,0.442211055,0.103274559,FALSE,FALSE,TRUE
0.362725451,0.857142857,0.333333333,0.48,0.764705882,0.5,0.8,0.533333333,0.666666667,0.315107914,0.304260652,0.319095477,0.843828715,FALSE,FALSE,TRUE
0.364729459,0.714285714,0.333333333,0.22,0.81512605,0.033333333,0.4,0.4,0.666666667,0.625419664,0.445614035,0.917085427,0.614609572,FALSE,TRUE,FALSE
0.366733467,0.285714286,0.333333333,0.98,0.714285714,0.066666667,0.4,0.383333333,0.555555556,0.197601918,0.782957393,0.060301508,0.322418136,TRUE,FALSE,FALSE
0.368737475,0,0.666666667,0.94,0.957983193,0.9,0.4,0.425,0.333333333,0.112230216,0.790977444,0.698492462,0.188916877,FALSE,TRUE,FALSE
0.370741483,0.571428571,1,0.04,0.008403361,0.133333333,0.2,0.841666667,0.888888889,0.877218225,0.702756892,0.183417085,0.554156171,TRUE,FALSE,FALSE
0.372745491,0.142857143,0.666666667,0.7,0.18487395,0.533333333,0.2,0.725,0.555555556,0.801438849,0.086716792,0.32160804,0.584382872,TRUE,FALSE,FALSE
0.374749499,0.857142857,0,0.92,0,0.4,0.8,0.441666667,0.333333333,0.785611511,0.45112782,0.417085427,0.204030227,TRUE,FALSE,FALSE
0.376753507,0.857142857,0.666666667,0.18,0.647058824,0.333333333,0.4,0.491666667,0.222222222,0.306954436,0.264160401,0.912060302,0.853904282,TRUE,FALSE,FALSE
0.378757515,0.714285714,0.666666667,0.56,0.899159664,0.9,0.2,0.466666667,0.333333333,0.39616307,0.652631579,0.243718593,0.080604534,TRUE,FALSE,FALSE
0.380761523,0.857142857,0.666666667,0.92,0.235294118,0.033333333,0,0.383333333,0.222222222,0.379856115,0.591478697,0.092964824,0.352644836,FALSE,FALSE,TRUE
0.382765531,0.285714286,0.666666667,0.04,0.924369748,0.666666667,0.8,0.25,0.111111111,0.055635492,0.874185464,0.319095477,0.680100756,FALSE,TRUE,FALSE
0.384769539,0,1,0.7,0.050420168,0.966666667,1,0.866666667,0.444444444,0.22206235,0.828070175,0.105527638,0.272040302,FALSE,FALSE,TRUE
0.386773547,0.857142857,0,0.3,0.932773109,0.566666667,0.6,0.375,0.111111111,0.874340528,0.170426065,0.128140704,0.828715365,TRUE,FALSE,FALSE
0.388777555,0.857142857,1,0.92,0.344537815,0.933333333,0.8,0.941666667,0.555555556,0.65323741,0.413533835,0.577889447,0.740554156,FALSE,TRUE,FALSE
0.390781563,0.142857143,1,0.98,0.092436975,0.066666667,0.6,0.208333333,0.222222222,0.56498801,0.661654135,0.060301508,0.79093199,TRUE,FALSE,FALSE
0.392785571,0.142857143,0.666666667,0.94,0.478991597,0.433333333,0.4,0.933333333,0.555555556,0.604316547,0.194987469,0.030150754,0.115869018,FALSE,TRUE,FALSE
0.394789579,0.428571429,0.333333333,0.48,0.25210084,0.266666667,0.6,0.941666667,1,0.329016787,0.752882206,0.718592965,0.136020151,FALSE,FALSE,TRUE
0.396793587,0.571428571,0.333333333,0.86,0.277310924,0.733333333,0.4,0.033333333,0.888888889,0.105035971,0.021553885,0.364321608,0.284634761,FALSE,TRUE,FALSE
0.398797595,0.285714286,1,0.84,0.302521008,0.966666667,0,0.691666667,0,0.694964029,0.654135338,0.125628141,0.516372796,FALSE,TRUE,FALSE
0.400801603,0.857142857,1,0.32,0.798319328,0.266666667,0.6,0.425,0.555555556,0.447482014,0.661654135,0.253768844,0.748110831,FALSE,TRUE,FALSE
0.402805611,1,0.666666667,0.82,0.537815126,0.666666667,0.8,0.866666667,0.888888889,0.208153477,0.687218045,0.645728643,0.838790932,FALSE,TRUE,FALSE
0.404809619,0.857142857,1,0.04,0.302521008,0.2,0.4,0.616666667,0.333333333,0.584172662,0.877694236,0.27638191,0.705289673,FALSE,TRUE,FALSE
0.406813627,0,0.666666667,0.6,0.605042017,0.566666667,0.8,0.991666667,0.111111111,0.834052758,0.888721805,0.497487437,0.929471033,TRUE,FALSE,FALSE
0.408817635,0.428571429,0.333333333,0.24,0.714285714,0.466666667,0.2,0.441666667,0.333333333,0.525179856,0.35037594,0.123115578,0.738035264,FALSE,TRUE,FALSE
0.410821643,0.571428571,0.333333333,0.12,0.268907563,0.966666667,0.4,0.266666667,0,0.947721823,0.122807018,0.590452261,0.304785894,FALSE,TRUE,FALSE
0.412825651,1,0,0.08,0.411764706,0.6,0.6,0.408333333,0.222222222,0.054196643,0.207518797,0.316582915,0.261964736,FALSE,FALSE,TRUE
0.414829659,0.428571429,0.333333333,0.7,0.117647059,0.333333333,0.4,0.308333333,1,0.928057554,0.858646617,0.630653266,0.695214106,FALSE,TRUE,FALSE
0.416833667,0.714285714,1,0.34,0.176470588,0.1,0.8,0.216666667,0.888888889,0.561630695,0.453132832,0.811557789,0.188916877,FALSE,FALSE,TRUE
0.418837675,0.571428571,0.333333333,0.72,0.680672269,0.166666667,0,0.808333333,1,0.469544365,0.894235589,0.615577889,0.088161209,TRUE,FALSE,FALSE
0.420841683,0.857142857,0.666666667,0.06,0.176470588,0.233333333,0.4,0.116666667,0.444444444,0.011031175,0.954385965,0.296482412,0.531486146,FALSE,TRUE,FALSE
0.422845691,0.857142857,0.333333333,0.32,0.521008403,0.266666667,0.6,0.791666667,0.555555556,0.835971223,0.341854637,0.256281407,0.823677582,FALSE,FALSE,TRUE
0.424849699,0.571428571,0,0.54,0.705882353,0.866666667,0.2,0.5,0.222222222,0.8882494,0.463659148,0.329145729,0.098236776,FALSE,FALSE,TRUE
0.426853707,0.857142857,0.333333333,0.8,0.100840336,0.566666667,1,0.166666667,0.444444444,0.994724221,0.917794486,0.165829146,0.793450882,TRUE,FALSE,FALSE
0.428857715,0.285714286,0.666666667,0.32,0.56302521,0.533333333,0,0.375,0.777777778,0.846522782,0.964912281,0.180904523,0.813602015,FALSE,TRUE,FALSE
0.430861723,0.571428571,0.666666667,0.62,0.25210084,0.1,0.2,0.566666667,0.555555556,0.794724221,0.007518797,0.793969849,0.481108312,FALSE,TRUE,FALSE
0.432865731,0.428571429,1,0.88,0.966386555,0.866666667,0.4,0.041666667,0.333333333,0.368345324,0.969924812,0.386934673,0.052896725,FALSE,FALSE,TRUE
0.434869739,0.571428571,0.333333333,0.62,0.478991597,0.733333333,0.8,0.308333333,0.111111111,0.782254197,0.554385965,0.43718593,0.171284635,FALSE,TRUE,FALSE
0.436873747,1,0.666666667,0.24,0.806722689,0.066666667,0.8,0.508333333,0.888888889,0.982733813,0.494235589,0.59798995,0.707808564,FALSE,FALSE,TRUE
0.438877756,0.857142857,0,0.02,0.546218487,0.7,0.6,0.708333333,0,0.170743405,0.882205514,0.592964824,0.712846348,FALSE,TRUE,FALSE
0.440881764,0.285714286,1,0.88,0.033613445,0.533333333,0.8,0.508333333,0,0.63501199,0.830576441,0.067839196,0.899244332,FALSE,FALSE,TRUE
0.442885772,0.285714286,0,0.02,0.630252101,0.066666667,0,0.675,0.333333333,0.647002398,0.647117794,0.836683417,0.58186398,FALSE,TRUE,FALSE
0.44488978,0.714285714,0.333333333,0.88,0.949579832,0.466666667,0.8,0.641666667,0.666666667,0.698800959,0.236591479,0.17839196,0.120906801,TRUE,FALSE,FALSE
0.446893788,0.428571429,0.333333333,0.52,0.596638655,0.5,0.6,0.608333333,0,0.021103118,0.491729323,0.726130653,0.118387909,FALSE,TRUE,FALSE
0.448897796,0.142857143,0.333333333,0.94,0.81512605,0.166666667,1,0.375,0.888888889,0.832134293,0.360401003,0.77638191,0.720403023,FALSE,TRUE,FALSE
0.450901804,0.142857143,1,0.8,0.882352941,0.933333333,0.4,0.1,0.333333333,0.098800959,0.012531328,0.718592965,0.181360202,TRUE,FALSE,FALSE
0.452905812,0.571428571,0.666666667,1,0.218487395,0.833333333,0.4,0.783333333,0.222222222,0.221103118,0.230075188,0.582914573,0.324937028,FALSE,TRUE,FALSE
0.45490982,0.714285714,1,0.36,0.201680672,0.666666667,0.8,0.775,0,0.926139089,0.564411028,0.015075377,0.486146096,TRUE,FALSE,FALSE
0.456913828,0,0,0.76,0.605042017,0.466666667,0.2,0.016666667,1,0.009592326,0.552380952,0.361809045,0.020151134,FALSE,TRUE,FALSE
0.458917836,0.571428571,1,0.4,0.403361345,0.4,0.4,0.775,0.333333333,0.729976019,0.379448622,0.608040201,0.246851385,FALSE,FALSE,TRUE
0.460921844,0.714285714,0,0.48,0.840336134,0.666666667,1,0.041666667,0.888888889,0.904076739,0.33283208,0.389447236,0.405541562,FALSE,FALSE,TRUE
0.462925852,0.428571429,1,0.62,0.899159664,0.533333333,0.8,0.766666667,1,0.167865707,0.498245614,0.866834171,0.277078086,FALSE,TRUE,FALSE
0.46492986,0.428571429,0.666666667,0.88,0.344537815,0.066666667,0.6,0.058333333,0.555555556,0.291606715,0.353383459,0.311557789,0.133501259,FALSE,TRUE,FALSE
0.466933868,0.428571429,0,0.98,0.226890756,0.5,1,0.358333333,0.555555556,0.38177458,0.976441103,0.293969849,0.727959698,FALSE,TRUE,FALSE
0.468937876,0.428571429,0.333333333,0.76,0.781512605,0.8,0.8,0.9,0,0.846043165,0.569423559,0.266331658,0.813602015,FALSE,FALSE,TRUE
0.470941884,0.428571429,0.333333333,0.42,0.268907563,0.466666667,1,0.883333333,1,0.521342926,0.720300752,0.334170854,0.25440806,FALSE,TRUE,FALSE
0.472945892,0.714285714,1,0.42,0.823529412,0.066666667,0.4,0.891666667,0.111111111,0.217266187,0.870676692,0.560301508,0.77581864,FALSE,FALSE,TRUE
0.4749499,0.714285714,0.333333333,0.74,0.420168067,0.8,0.6,0.266666667,0.555555556,0.69736211,0.900250627,0.711055276,0.382871537,TRUE,FALSE,FALSE
0.476953908,0.285714286,0,0.24,0.663865546,0.2,0.8,0.666666667,0.111111111,0.689208633,0.395488722,0.665829146,0.506297229,FALSE,FALSE,TRUE
0.478957916,1,0.333333333,0.12,0.084033613,0.266666667,0,0.925,0.222222222,1,0.47518797,0.811557789,0.856423174,FALSE,FALSE,TRUE
0.480961924,0.142857143,0.666666667,0.36,0.621848739,0.166666667,0.6,0.616666667,0.333333333,0.827817746,0.745864662,0.889447236,0.750629723,TRUE,FALSE,FALSE
0.482965932,0.857142857,0.666666667,0.28,0.445378151,0.333333333,0,0.633333333,0.444444444,0.121822542,0.527819549,0.819095477,0.80604534,FALSE,FALSE,TRUE
0.48496994,0.428571429,1,0.3,0.579831933,0.766666667,1,0.408333333,0.888888889,0.558273381,0.506766917,0.020100503,0.133501259,FALSE,TRUE,FALSE
0.486973948,0,0,0.24,0.159663866,0.533333333,0.2,0.083333333,0.333333333,0.011990408,0.804511278,0.738693467,0.065491184,FALSE,TRUE,FALSE
0.488977956,0.857142857,0.666666667,0.04,0.731092437,0.2,0.6,0.783333333,0.888888889,0.604796163,0.346365915,0.208542714,0.894206549,FALSE,FALSE,TRUE
0.490981964,0.714285714,0.666666667,0.02,0.865546218,0.866666667,1,0.225,1,0.282973621,0.217042607,0.133165829,0.385390428,FALSE,TRUE,FALSE
0.492985972,0,0,0.98,0.210084034,0.866666667,0,0.891666667,0.222222222,0.71942446,0.206516291,0.640703518,0.284634761,FALSE,FALSE,TRUE
0.49498998,0,0.333333333,0.42,0.084033613,0.866666667,0.4,0.575,0.777777778,0.636930456,0.395989975,0.32160804,0.725440806,FALSE,TRUE,FALSE
0.496993988,0,0.333333333,0.38,0.016806723,0.233333333,0.4,0.333333333,0,0.811031175,0.487218045,0.057788945,0.838790932,FALSE,TRUE,FALSE
0.498997996,0.285714286,1,0.68,0.638655462,0.466666667,0.2,0.125,0.888888889,0.653717026,0.938847118,0.138190955,0.863979849,FALSE,FALSE,TRUE
0.501002004,0.714285714,0.333333333,0.22,0.605042017,1,0.6,0.558333333,0.888888889,0.452278177,0.711278195,0,0.312342569,FALSE,TRUE,FALSE
0.503006012,0,0,0.94,0.546218487,0.766666667,0.6,0.816666667,1,0.004316547,0.906265664,0.907035176,0.853904282,FALSE,FALSE,TRUE
0.50501002,0.428571429,0.666666667,0.78,0.226890756,0.033333333,0.6,0.391666667,0.111111111,0.334292566,0.03358396,0.025125628,0.035264484,FALSE,TRUE,FALSE
0.507014028,0.571428571,0.333333333,0.08,0.386554622,0.066666667,1,0.458333333,0.333333333,0.802877698,0.864661654,0.211055276,0.04534005,FALSE,TRUE,FALSE
0.509018036,0,1,0.42,0.588235294,0.466666667,0.2,0.525,0.777777778,0.958273381,0.847619048,0.41959799,0.622166247,TRUE,FALSE,FALSE
0.511022044,0.285714286,0.333333333,0.88,0.495798319,0.9,0.6,0.483333333,0.666666667,0.876258993,0.108270677,0.359296482,0.057934509,TRUE,FALSE,FALSE
0.513026052,0.857142857,0,0.94,0.991596639,0.533333333,1,0.741666667,0,0.436930456,0.053634085,0.917085427,0.322418136,FALSE,FALSE,TRUE
0.51503006,0.714285714,1,0.46,0.12605042,0.5,0.4,0.508333333,0.444444444,0.232613909,0.232080201,0.040201005,0.672544081,TRUE,FALSE,FALSE
0.517034068,1,0.333333333,0.62,0.68907563,0.1,0,1,0.666666667,0.056115108,0.994486216,0.515075377,0.335012594,FALSE,FALSE,TRUE
0.519038076,0.285714286,1,0.16,0.403361345,0.666666667,1,0.625,0.333333333,0.987529976,0.998496241,0.683417085,0.176322418,TRUE,FALSE,FALSE
0.521042084,0,0,1,0.420168067,0.833333333,0.4,0.083333333,0,0.476738609,0.621052632,0.93718593,0.279596977,FALSE,TRUE,FALSE
0.523046092,0.714285714,0.666666667,0.24,0.714285714,0.366666667,0.4,0.833333333,0.888888889,0.529016787,0.856140351,0.623115578,0.455919395,FALSE,FALSE,TRUE
0.5250501,0.571428571,0,0.94,0.68907563,0.766666667,0,0.733333333,0.444444444,0.342446043,0.981453634,0.809045226,0.473551637,FALSE,FALSE,TRUE
0.527054108,0,0,0.64,0.991596639,0.966666667,0.4,0.141666667,0.111111111,0.439808153,0.534837093,0.082914573,0.783375315,FALSE,TRUE,FALSE
0.529058116,0.285714286,0,0.6,0.117647059,0.2,0.2,0.15,0.777777778,0.311270983,0.054636591,0.386934673,0.750629723,FALSE,FALSE,TRUE
0.531062124,0.142857143,0,0.52,0.092436975,0.533333333,0,0.716666667,0.111111111,0.340527578,0.67518797,0.376884422,0.455919395,FALSE,FALSE,TRUE
0.533066132,0.428571429,0.666666667,0.24,0.722689076,0.3,0.4,0.45,0.222222222,0.885371703,0.337343358,0.891959799,0.846347607,TRUE,FALSE,FALSE
0.53507014,1,0.666666667,0.18,0.571428571,0.8,0.8,0.841666667,1,0.198081535,0.346365915,0.153266332,0.110831234,FALSE,FALSE,TRUE
0.537074148,0.857142857,1,0.22,0.268907563,0.566666667,1,0.975,0,0.879136691,0.748370927,0.153266332,0.251889169,FALSE,TRUE,FALSE
0.539078156,0.285714286,0.333333333,0.18,0.075630252,0.633333333,0.4,0.675,0.111111111,0.299760192,0.347869674,0.329145729,0.828715365,TRUE,FALSE,FALSE
0.541082164,0.714285714,0.666666667,0.78,0.075630252,0.8,0.2,0.208333333,0.666666667,0.584172662,0.786967419,0.055276382,0.375314861,TRUE,FALSE,FALSE
0.543086172,1,0.666666667,0.36,0.890756303,0.4,0.6,0.041666667,1,0.485851319,0.877694236,0.183417085,0.982367758,FALSE,TRUE,FALSE
0.54509018,1,0.333333333,0.06,0.18487395,0.9,0.4,0.025,0.111111111,0.09352518,0.296741855,0.969849246,0.465994962,FALSE,TRUE,FALSE
0.547094188,1,0.666666667,0.96,0.319327731,0.533333333,0.6,0.891666667,0.555555556,0.106954436,0.886215539,0.429648241,0.793450882,TRUE,FALSE,FALSE
0.549098196,0,0,0.88,0.218487395,0.166666667,0.8,0.95,0.222222222,0.179856115,0.000501253,0.635678392,0.400503778,FALSE,FALSE,TRUE
0.551102204,0.428571429,0,0.92,0.352941176,0.7,0.4,0.233333333,0.333333333,0.489688249,0.8160401,0.728643216,0.423173804,TRUE,FALSE,FALSE
0.553106212,0,0.333333333,1,0.058823529,0.8,0,0.483333333,0.777777778,0.261870504,0.404511278,0.369346734,0.380352645,FALSE,TRUE,FALSE
0.55511022,0.714285714,1,0.18,0.512605042,0.333333333,0.6,0.808333333,0.222222222,0.486810552,0.587468672,0.148241206,0.720403023,TRUE,FALSE,FALSE
0.557114228,0,1,0.4,0.058823529,0.866666667,0.8,0.133333333,1,0.127577938,0.873182957,0.208542714,0.546599496,FALSE,TRUE,FALSE
0.559118236,0.142857143,0.333333333,0.76,0.798319328,0.9,0,0.883333333,0.555555556,0.597601918,0.971929825,0.314070352,0.947103275,TRUE,FALSE,FALSE
0.561122244,0.428571429,0.333333333,0.7,0.226890756,0.266666667,0,0.35,0,0.026378897,0.37593985,0.638190955,0.246851385,FALSE,FALSE,TRUE
0.563126253,0.428571429,0,0.16,0.537815126,1,0,0.966666667,0.666666667,0.064268585,0.190977444,0.399497487,0.095717884,TRUE,FALSE,FALSE
0.565130261,0.714285714,1,0.82,0.882352941,0.133333333,0,0.658333333,0.777777778,0.256594724,0.155889724,0.007537688,0.390428212,TRUE,FALSE,FALSE
0.567134269,0.857142857,0.666666667,0.22,0.647058824,0.2,0.4,0.541666667,0.777777778,0.721822542,0.516290727,0.525125628,0.617128463,FALSE,TRUE,FALSE
0.569138277,0.142857143,0,0.22,0.529411765,0.2,1,0.275,0.222222222,0.870983213,0.220551378,0.927135678,0.861460957,FALSE,TRUE,FALSE
0.571142285,0.285714286,0.333333333,0.54,0.319327731,0.9,0.4,0.983333333,1,0.142446043,0.325313283,0.816582915,0.34256927,FALSE,TRUE,FALSE
0.573146293,0,1,0.6,0.327731092,0.666666667,0.4,0.058333333,0,0.836930456,0.273684211,0.829145729,0.654911839,TRUE,FALSE,FALSE
0.575150301,0.571428571,0.666666667,0.58,0.663865546,0.166666667,0.8,0.1,0.888888889,0.142925659,0.506265664,0.798994975,0.347607053,FALSE,FALSE,TRUE
0.577154309,0,0.666666667,0.1,0.991596639,0.433333333,0.8,0.875,0.555555556,0.508872902,0.364912281,0.324120603,0.617128463,FALSE,TRUE,FALSE
0.579158317,1,0,0.88,0.655462185,0.6,1,0.058333333,0.888888889,0.593764988,0.192481203,0.768844221,0.886649874,FALSE,TRUE,FALSE
0.581162325,0,1,0.26,0.554621849,0.1,0.8,0.775,0.666666667,0.09352518,0.601002506,0.14321608,0.229219144,TRUE,FALSE,FALSE
0.583166333,0.285714286,1,0.12,0.731092437,0.866666667,0.2,0.791666667,0,0.395203837,0.19197995,0.66080402,0.40302267,FALSE,TRUE,FALSE
0.585170341,0,0.333333333,0.88,0.462184874,0.8,1,0.825,0,0.422541966,0.406516291,0.645728643,0.994962217,FALSE,FALSE,TRUE
0.587174349,0.142857143,1,0.96,0.050420168,0.5,0.8,0.916666667,0.555555556,0.440767386,0.83358396,0.025125628,0.869017632,FALSE,FALSE,TRUE
0.589178357,0.142857143,1,0.86,0.554621849,0.966666667,1,0.775,0.444444444,0.629736211,0.975438596,0.791457286,0.564231738,FALSE,TRUE,FALSE
0.591182365,0.428571429,0,0.8,0.957983193,0.433333333,0.4,0.533333333,0.888888889,0.211990408,0.636090226,0.907035176,0.516372796,FALSE,TRUE,FALSE
0.593186373,0.714285714,1,0.66,0.168067227,1,0.4,0.35,0.111111111,0.748681055,0.452130326,0.268844221,0.282115869,TRUE,FALSE,FALSE
0.595190381,0.857142857,0.666666667,0.56,0.68907563,0.666666667,1,0.316666667,0.777777778,0.057553957,0.157894737,0.816582915,0.516372796,FALSE,FALSE,TRUE
0.597194389,0.571428571,0,0.08,0.193277311,0.633333333,0.2,0.666666667,0.444444444,0.103117506,0.872180451,0.082914573,0.848866499,FALSE,FALSE,TRUE
0.599198397,1,0,0.4,0.529411765,0.166666667,0.2,0.483333333,0.111111111,0.663309353,0.197994987,0.603015075,0.685138539,FALSE,TRUE,FALSE
0.601202405,0,0.333333333,0.38,0.092436975,0.866666667,1,0.691666667,1,0.268585132,0.134837093,0.487437186,0.287153652,TRUE,FALSE,FALSE
0.603206413,0,1,0.26,0.445378151,0.433333333,0.8,0.725,0.555555556,0.425899281,0.849122807,0.547738693,0.198992443,FALSE,FALSE,TRUE
0.605210421,0.285714286,0.333333333,0.72,0.756302521,0.166666667,0.6,0.941666667,1,0.663309353,0.146365915,0.929648241,0.261964736,FALSE,FALSE,TRUE
0.607214429,0.714285714,0.666666667,0.5,0.344537815,0,0.2,0.708333333,0.777777778,0.007673861,0.006015038,0.876884422,0.166246851,TRUE,FALSE,FALSE
0.609218437,0.142857143,0,0.08,0.663865546,0.566666667,0,0.766666667,0.333333333,0.97793765,0.271177945,0.788944724,0.090680101,TRUE,FALSE,FALSE
0.611222445,0.571428571,0,0.22,0.789915966,0.533333333,0.4,0.708333333,0.111111111,0.748681055,0.213032581,0.273869347,0.41813602,FALSE,FALSE,TRUE
0.613226453,0.428571429,0,0.68,0.924369748,0.733333333,1,0.358333333,0.444444444,0.479616307,0.003007519,0.917085427,0.108312343,FALSE,FALSE,TRUE
0.615230461,0.142857143,0.666666667,0.08,0.226890756,0.9,0,0.066666667,0.111111111,0.477697842,0.392982456,0.09798995,0.168765743,TRUE,FALSE,FALSE
0.617234469,1,0.666666667,0.86,0.394957983,0.066666667,1,0.3,0.111111111,0.410071942,0.69122807,0.85678392,0.546599496,FALSE,FALSE,TRUE
0.619238477,0.714285714,0.333333333,0.5,0.142857143,0.733333333,0.4,0.608333333,0.555555556,0.246043165,0.160401003,0.329145729,0.161209068,FALSE,TRUE,FALSE
0.621242485,1,0.333333333,0.48,0.991596639,0.2,0.4,0.291666667,1,0.375539568,0.3839599,0.055276382,0.060453401,FALSE,TRUE,FALSE
0.623246493,0.857142857,0.333333333,0.6,0.924369748,0.866666667,0.2,0.833333333,0.888888889,0.398561151,0.41754386,0.673366834,0.314861461,TRUE,FALSE,FALSE
0.625250501,0.428571429,1,0.82,0.537815126,0.833333333,0.2,0.758333333,0.333333333,0.949640288,0.745864662,0.233668342,0.216624685,TRUE,FALSE,FALSE
0.627254509,0.857142857,0,0.34,0.840336134,0.533333333,0,0.225,0.555555556,0.623980815,0.24160401,0.243718593,0.513853904,TRUE,FALSE,FALSE
0.629258517,0.285714286,0,0.68,0.521008403,0.7,1,0.341666667,0.666666667,0.769784173,0.918295739,0.306532663,0.098236776,FALSE,TRUE,FALSE
0.631262525,1,0.333333333,0.56,0.621848739,0.3,0.4,0.35,0.555555556,0.736211031,0.073182957,0.06281407,0.753148615,FALSE,FALSE,TRUE
0.633266533,0.285714286,0,0.26,0.084033613,0.466666667,0,0.7,0.777777778,0.445083933,0.673182957,0.17839196,0.906801008,FALSE,TRUE,FALSE
0.635270541,0,0.333333333,0.88,0.756302521,0.833333333,0.6,0.725,0.333333333,0.802398082,0.871679198,0.005025126,0.743073048,FALSE,FALSE,TRUE
0.637274549,0.857142857,1,0.8,0.117647059,0.466666667,0,0.341666667,0,0.707434053,0.556390977,0.447236181,0.531486146,FALSE,TRUE,FALSE
0.639278557,0.714285714,1,0.66,0.823529412,0.366666667,0.8,0.858333333,0.666666667,0.764508393,0.957393484,0.085427136,0.861460957,FALSE,FALSE,TRUE
0.641282565,1,0.666666667,0.86,0.781512605,0.5,0,0.541666667,0.222222222,0.047961631,0.313784461,0.685929648,0.695214106,FALSE,TRUE,FALSE
0.643286573,0.571428571,1,0.86,0.705882353,0.833333333,0.8,0.45,0.555555556,0.051798561,0.095238095,0.236180905,0.005037783,TRUE,FALSE,FALSE
0.645290581,0.428571429,0.333333333,0.7,0.025210084,0.333333333,0.8,0.591666667,0.111111111,0.388968825,0.160401003,0.947236181,0.392947103,FALSE,TRUE,FALSE
0.647294589,0.142857143,1,0.84,0.294117647,0.166666667,0.8,0.391666667,0.888888889,0.072422062,0.872180451,0.876884422,0.85138539,FALSE,FALSE,TRUE
0.649298597,0.714285714,0.666666667,0.7,0.260504202,0.7,0.6,0.75,0,0.211990408,0.873182957,0.291457286,0.34256927,FALSE,TRUE,FALSE
0.651302605,0.714285714,0,0.68,0.352941176,0.833333333,0,0.175,0.555555556,0.40911271,0.184461153,0.786432161,0.0302267,FALSE,TRUE,FALSE
0.653306613,0.285714286,0.333333333,0.62,0.084033613,0.1,0,0.833333333,0.555555556,0.996642686,0.073182957,0.806532663,0.74559194,FALSE,TRUE,FALSE
0.655310621,0.857142857,0,0.76,0.932773109,0.233333333,0.6,0.216666667,0.444444444,0.225419664,0.538345865,0.992462312,0.803526448,TRUE,FALSE,FALSE
0.657314629,1,0.666666667,0.16,0.546218487,0.133333333,0.4,1,0.444444444,0.295923261,0.499749373,0.600502513,0.156171285,FALSE,TRUE,FALSE
0.659318637,1,0.666666667,0.88,0.302521008,0.333333333,0.2,0.766666667,0,0.383693046,0.680701754,0.082914573,0.536523929,TRUE,FALSE,FALSE
0.661322645,0,0.666666667,0.88,0.394957983,0.466666667,0,0.55,1,0.237410072,0.103258145,0.650753769,0.188916877,TRUE,FALSE,FALSE
0.663326653,0,0,0.02,0.445378151,0.733333333,0.2,0.891666667,0.444444444,0.486810552,0.353383459,0.628140704,0.720403023,FALSE,TRUE,FALSE
0.665330661,0.428571429,0,0.82,0.596638655,0.666666667,1,0.1,0.111111111,0.294004796,0.710776942,0.640703518,0.269521411,FALSE,TRUE,FALSE
0.667334669,0.285714286,0,0.12,0.512605042,0.633333333,1,0.366666667,0.666666667,0.061390887,0.700250627,0.309045226,0.312342569,FALSE,TRUE,FALSE
0.669338677,0.714285714,0,0.34,0.915966387,0.366666667,0.6,0.075,0.222222222,0.624940048,0.106766917,0.864321608,0.846347607,FALSE,FALSE,TRUE
0.671342685,1,0.666666667,0.74,0.495798319,0.833333333,1,0.825,0.333333333,0.290167866,0.986466165,0.964824121,0.476070529,FALSE,TRUE,FALSE
0.673346693,0.571428571,0.666666667,0.16,0.991596639,0.466666667,1,0.066666667,0.222222222,0.524220624,0.676691729,0.218592965,0.670025189,TRUE,FALSE,FALSE
0.675350701,0.285714286,0.333333333,0.82,0.848739496,0.966666667,0.4,0.441666667,0.222222222,0.324220624,0.444110276,0.087939698,0.400503778,FALSE,TRUE,FALSE
0.677354709,0.428571429,0.333333333,0.84,0.201680672,0.633333333,0.4,0.991666667,0.333333333,0.23501199,0.851629073,0.195979899,0.294710327,FALSE,FALSE,TRUE
0.679358717,0.428571429,0,0.5,0.932773109,0.133333333,0.4,0.983333333,0.444444444,0.957793765,0.907769424,0.824120603,0.624685139,FALSE,TRUE,FALSE
0.681362725,0.285714286,1,0,0.109243697,0.666666667,1,0.216666667,0,0.352038369,0.18245614,0.680904523,0.151133501,FALSE,FALSE,TRUE
0.683366733,0.428571429,1,0.28,0.81512605,0.333333333,0.6,0.275,0.333333333,0.775059952,0.103258145,0.638190955,0.370277078,FALSE,FALSE,TRUE
0.685370741,0.285714286,0.666666667,0.62,0.378151261,0.7,0.8,0.95,0.777777778,0.32853717,0.17443609,0.404522613,0.206549118,FALSE,TRUE,FALSE
0.687374749,0.142857143,0.666666667,0.98,0.87394958,0.066666667,0.8,0,1,0.531894484,0.098746867,0.58040201,0.695214106,TRUE,FALSE,FALSE
0.689378758,0.285714286,0.666666667,0.64,0.865546218,0.166666667,0.2,0.258333333,0.666666667,0.224460432,0.445614035,0.309045226,0.947103275,FALSE,FALSE,TRUE
0.691382766,0.857142857,0.333333333,0.26,0.806722689,0.866666667,0.8,0.733333333,0.888888889,0.879136691,0.185463659,0.479899497,0.997481108,FALSE,TRUE,FALSE
0.693386774,0.285714286,0.333333333,0.64,0.789915966,0.233333333,0.8,0.766666667,0.444444444,0.372661871,0.615037594,0.796482412,0.44836272,FALSE,TRUE,FALSE
0.695390782,0.428571429,0.666666667,0.54,0.302521008,0.833333333,0.4,0.583333333,1,0.722781775,0.331829574,0.984924623,0.249370277,TRUE,FALSE,FALSE
0.69739479,1,0.666666667,0.78,0.075630252,0.266666667,0.4,0.933333333,0.333333333,0.144364508,0.008521303,0.93718593,0.440806045,FALSE,FALSE,TRUE
0.699398798,0.857142857,0.666666667,0.1,0.394957983,0.633333333,1,0.55,0.777777778,0.068105516,0.773934837,0.939698492,0.848866499,FALSE,FALSE,TRUE
0.701402806,0.428571429,1,0.76,0.168067227,0.7,0.2,0.691666667,0.888888889,0,0.609022556,0.404522613,0.201511335,FALSE,TRUE,FALSE
0.703406814,0,0.333333333,0.54,0.68907563,0.5,0,0.158333333,0.666666667,0.201438849,0.518796992,0.472361809,0.95465995,FALSE,TRUE,FALSE
0.705410822,0,1,0.96,0.344537815,0.3,0.2,0.966666667,0.666666667,0.2441247,0.861654135,0.708542714,0.340050378,TRUE,FALSE,FALSE
0.70741483,1,1,0.34,0.974789916,0.2,0.2,0.775,0.444444444,0.786091127,0.918796992,0.927135678,0.987405542,TRUE,FALSE,FALSE
0.709418838,1,0.666666667,0.64,0.638655462,0.033333333,0.6,0.283333333,0.333333333,0.664748201,0.168421053,0.14321608,0.838790932,FALSE,FALSE,TRUE
0.711422846,0.857142857,0.666666667,0.94,0.823529412,0.3,1,0.816666667,1,0.534292566,0.020551378,0.306532663,0.808564232,FALSE,FALSE,TRUE
0.713426854,0.142857143,0,0.1,0.12605042,0.666666667,0.6,0.933333333,0,0.224460432,0.594486216,0.140703518,0.314861461,FALSE,TRUE,FALSE
0.715430862,1,0,0.94,0.857142857,0.933333333,0.2,0.85,1,0.082014388,0.912280702,0.615577889,0.005037783,FALSE,FALSE,TRUE
0.71743487,0,1,0.68,0.924369748,0.866666667,0.2,0.75,1,0.81294964,0.933834586,0.309045226,0.380352645,TRUE,FALSE,FALSE
0.719438878,0.285714286,0.333333333,0.06,0.478991597,0.766666667,0.2,0.741666667,0.666666667,0.074340528,0.106265664,0.326633166,0.299748111,TRUE,FALSE,FALSE
0.721442886,0.428571429,0.666666667,0.3,0.605042017,0.8,0.8,0.641666667,0,0.30263789,0.534837093,0.070351759,0.032745592,FALSE,TRUE,FALSE
0.723446894,0,0.666666667,0.7,0.764705882,0.666666667,0.6,0.133333333,0,0.388009592,0.679197995,0.351758794,0.503778338,TRUE,FALSE,FALSE
0.725450902,0,1,0.06,0.168067227,0.266666667,0.2,0.141666667,0.444444444,0.801918465,0.522305764,0.866834171,0.400503778,TRUE,FALSE,FALSE
0.72745491,0.142857143,0,0.58,0.495798319,0.9,0.4,0.366666667,0.888888889,0.947242206,0.680701754,0.233668342,0.634760705,TRUE,FALSE,FALSE
0.729458918,0.857142857,0.333333333,0.34,0.394957983,0.666666667,1,0.958333333,0.555555556,0.430695444,0.509774436,0.698492462,0.619647355,TRUE,FALSE,FALSE
0.731462926,0.857142857,0,0.62,0.142857143,0.566666667,1,0.766666667,0.222222222,0.347242206,0.138345865,0.633165829,0.115869018,FALSE,TRUE,FALSE
0.733466934,0.714285714,0,0.04,0.361344538,0.1,0.4,0.691666667,0.222222222,0.79088729,0.406015038,0.866834171,0.979848866,FALSE,TRUE,FALSE
0.735470942,0.142857143,0,0.88,0.058823529,0.433333333,1,0.433333333,0.666666667,0.442685851,0.303759398,0.133165829,0.183879093,FALSE,FALSE,TRUE
0.73747495,0.285714286,0,0.98,0.016806723,0.466666667,0.8,0.75,0.555555556,0.140527578,0.634586466,0.98241206,0.443324937,TRUE,FALSE,FALSE
0.739478958,0.857142857,0.666666667,0.96,0.12605042,0.866666667,0.8,0.675,0.888888889,0.162110312,0.259649123,0.585427136,0.486146096,FALSE,FALSE,TRUE
0.741482966,0.428571429,0.666666667,0.74,0.966386555,0.533333333,0,0.558333333,0.555555556,0.069544365,0.331829574,1,0.813602015,FALSE,TRUE,FALSE
0.743486974,1,0,0.14,0.546218487,0.366666667,0,0.533333333,0.444444444,0.63501199,0.880200501,0.917085427,0.095717884,FALSE,TRUE,FALSE
0.745490982,0.142857143,0.333333333,0.76,0.966386555,0.966666667,0,0.941666667,1,0.682973621,0.426065163,0.22361809,0.425692695,FALSE,TRUE,FALSE
0.74749499,1,1,0.02,0.428571429,0.1,1,0,0.666666667,0.248441247,0.742857143,0.055276382,0.62720403,FALSE,TRUE,FALSE
0.749498998,0,0.333333333,0.02,0.302521008,0.433333333,0.8,0.475,0,0.569304556,0.193984962,0.256281407,0.211586902,FALSE,TRUE,FALSE
0.751503006,0.428571429,0.333333333,0.32,0.504201681,0.033333333,0.8,0.208333333,0.666666667,0.915107914,0.572932331,0.530150754,0.62720403,FALSE,TRUE,FALSE
0.753507014,0.428571429,0.333333333,0.48,0.43697479,0.733333333,0.8,0.9,0.222222222,0.718465228,0.003007519,0.173366834,0.924433249,FALSE,TRUE,FALSE
0.755511022,0,0,0.78,0.100840336,0.933333333,0.4,0.158333333,0.888888889,0.58177458,0.90726817,0.168341709,1,TRUE,FALSE,FALSE
0.75751503,0.142857143,0.666666667,0.68,0.638655462,0.266666667,0.8,0.958333333,0.555555556,0.708872902,0.21754386,0.464824121,0.027707809,FALSE,FALSE,TRUE
0.759519038,0,0.333333333,0.44,0.210084034,0.866666667,0.4,0.716666667,0.888888889,0.668585132,0.32481203,0.032663317,0.231738035,FALSE,TRUE,FALSE
0.761523046,1,0,0.28,0.613445378,0.3,0,0.075,0.444444444,0.707434053,0.230576441,0.123115578,0.307304786,TRUE,FALSE,FALSE
0.763527054,0.714285714,0.333333333,1,0.647058824,0.9,0,0.483333333,0.666666667,0.961630695,0.691729323,0.417085427,0.397984887,TRUE,FALSE,FALSE
0.765531062,0.428571429,0.333333333,0.42,0.142857143,0.766666667,1,0.616666667,0.333333333,0.361630695,0.506766917,0.06281407,0.23929471,FALSE,FALSE,TRUE
0.76753507,0.571428571,0,0.46,0.050420168,0.8,0,0.333333333,0.666666667,0.401918465,0.201503759,0.399497487,0.198992443,FALSE,TRUE,FALSE
0.769539078,0.571428571,0.666666667,0.16,0.781512605,0.033333333,1,0.866666667,0,0.345323741,0.766917293,0.477386935,0.957178841,FALSE,FALSE,TRUE
0.771543086,1,0.666666667,0.8,0.453781513,0.966666667,0.2,0.033333333,0.666666667,0.809592326,0.773433584,0.454773869,0.919395466,FALSE,TRUE,FALSE
0.773547094,0.285714286,1,0.7,0.050420168,0.733333333,0.2,0.533333333,0.777777778,0.705515588,0.447619048,0.874371859,0.042821159,TRUE,FALSE,FALSE
0.775551102,0.857142857,0,0.22,0.991596639,0.3,0.6,0.133333333,0.444444444,0.379376499,0.47518797,0.532663317,0.337531486,TRUE,FALSE,FALSE
0.77755511,0,1,0.08,0.050420168,0.833333333,1,0.175,0.111111111,0.399520384,0.71679198,0.469849246,0.40302267,TRUE,FALSE,FALSE
0.779559118,0,1,0.68,0.68907563,0.266666667,0.6,0.808333333,0.444444444,0.49352518,0.701253133,0.412060302,0.236775819,TRUE,FALSE,FALSE
0.781563126,0.285714286,1,0.66,0.983193277,0.866666667,0.6,0.991666667,0.555555556,0.650359712,0.721303258,0.82160804,0.629722922,FALSE,FALSE,TRUE
0.783567134,0.285714286,0.666666667,0.28,0.235294118,0.1,0.2,0.9,0.111111111,0.083932854,0.226566416,0.899497487,0.639798489,FALSE,TRUE,FALSE
0.785571142,1,0,0.96,0.134453782,0.7,1,0.333333333,0.555555556,0.660911271,0.346365915,0.85678392,0.85138539,FALSE,TRUE,FALSE
0.78757515,1,1,0.16,0.117647059,0.533333333,0.2,0.766666667,0.555555556,0.544364508,0.165413534,0.675879397,0.740554156,FALSE,FALSE,TRUE
0.789579158,0.285714286,0,0.44,0.294117647,0.1,0.6,0.558333333,0,0.320383693,0.022055138,0.138190955,0.541561713,FALSE,TRUE,FALSE
0.791583166,0.428571429,0,0.94,0.092436975,0.233333333,1,0.566666667,0,0.456594724,0.52481203,0.278894472,0.652392947,TRUE,FALSE,FALSE
0.793587174,1,0.666666667,0.42,0.68907563,0,0.6,0.083333333,1,0.654196643,0.933333333,0.045226131,0.272040302,FALSE,TRUE,FALSE
0.795591182,0.714285714,1,0.64,0.050420168,0.466666667,0.8,0.458333333,0.222222222,0.564508393,0.951879699,0.934673367,0.591939547,TRUE,FALSE,FALSE
0.79759519,1,1,0.4,0.504201681,0.3,1,0.416666667,1,0.203357314,0.703759398,0.663316583,0.488664987,FALSE,FALSE,TRUE
0.799599198,0,0,0.28,1,0.6,1,0.166666667,1,0.723261391,0.065162907,0.751256281,0.128463476,FALSE,TRUE,FALSE
0.801603206,1,0.333333333,0.98,0.81512605,0.3,0.6,0.816666667,0.222222222,0.859952038,0.475689223,0.314070352,0.23929471,FALSE,FALSE,TRUE
0.803607214,0.428571429,0.666666667,0.4,0.613445378,0.3,0.8,0.625,0.333333333,0.687769784,0.727318296,0.849246231,0.289672544,FALSE,TRUE,FALSE
0.805611222,0.285714286,0.666666667,0.9,0.302521008,0.733333333,0.4,0.208333333,0.111111111,0.147721823,0.6,0.261306533,0.926952141,TRUE,FALSE,FALSE
0.80761523,0,0.666666667,0.22,0.621848739,0.033333333,0.2,0.95,0.888888889,0.913669065,0.4,0.002512563,0.226700252,FALSE,FALSE,TRUE
0.809619238,1,0.666666667,0.22,0.521008403,0.9,0.6,0.15,1,0.004316547,0.345363409,0.379396985,0.287153652,FALSE,TRUE,FALSE
0.811623246,0.428571429,1,0.04,0.420168067,0.866666667,1,0.9,0.666666667,0.458513189,0.845614035,0.572864322,0.367758186,TRUE,FALSE,FALSE
0.813627255,0.714285714,1,0.66,0.12605042,0.666666667,0.2,0.491666667,0.666666667,0.011510791,0.020551378,0.479899497,0.662468514,FALSE,FALSE,TRUE
0.815631263,1,0.333333333,0.36,0.882352941,0.6,0.2,0.583333333,0.555555556,0.057553957,0.453634085,0.866834171,0.113350126,FALSE,FALSE,TRUE
0.817635271,0.428571429,0.666666667,0.86,0.445378151,0.9,0.2,0.383333333,0.222222222,0.547242206,0.864160401,0.105527638,0.957178841,FALSE,TRUE,FALSE
0.819639279,0.714285714,0.666666667,0.48,0.18487395,0.2,0.4,0.983333333,0.555555556,0.803357314,0.104260652,0.557788945,0.866498741,FALSE,TRUE,FALSE
0.821643287,0.285714286,0,0.96,0.361344538,0.066666667,0,0.583333333,0.777777778,0.837410072,0.925313283,0.515075377,0.576826196,FALSE,TRUE,FALSE
0.823647295,1,1,0.18,0.411764706,0.233333333,0.6,0.208333333,0.777777778,0.761630695,0.090225564,0.283919598,0.675062972,TRUE,FALSE,FALSE
0.825651303,0.714285714,0.666666667,0.86,0.823529412,0.8,0,0.325,0.888888889,0.2882494,0.001002506,0.826633166,0.012594458,FALSE,TRUE,FALSE
0.827655311,0,0.333333333,0.78,0.731092437,0.033333333,0,0.033333333,0,0.72853717,0.297744361,0.756281407,0.337531486,FALSE,FALSE,TRUE
0.829659319,0.285714286,0.333333333,0.78,0.764705882,0.566666667,0,0.166666667,0,0.659472422,0.227568922,0.736180905,0.795969773,FALSE,FALSE,TRUE
0.831663327,0,1,0.84,0,1,0.2,0.641666667,0.222222222,0.551558753,0.661654135,0.879396985,0.073047859,FALSE,TRUE,FALSE
0.833667335,0.571428571,0.333333333,0.76,0.411764706,0.866666667,0.8,0.025,0.222222222,0.083453237,0.056140351,0.726130653,0.279596977,FALSE,TRUE,FALSE
0.835671343,0.142857143,0.333333333,0.62,0.478991597,0.533333333,0.2,0.183333333,1,0.812470024,0.469172932,0.233668342,0.584382872,FALSE,FALSE,TRUE
0.837675351,1,1,0.14,0.008403361,0.066666667,0.2,0.875,0.777777778,0.998081535,0.26566416,0.708542714,0.25440806,TRUE,FALSE,FALSE
0.839679359,0.714285714,0.666666667,0.04,0.25210084,0.833333333,1,0.691666667,1,0.942925659,0.073684211,0.309045226,0.937027708,FALSE,TRUE,FALSE
0.841683367,0.142857143,0.666666667,0.92,0.756302521,0.6,1,0.116666667,0,0.092086331,0.022556391,0.243718593,0.125944584,FALSE,TRUE,FALSE
0.843687375,0.142857143,0.333333333,0.62,0.12605042,0.1,0,0.941666667,0.111111111,0.351079137,0.164912281,0.072864322,0.798488665,FALSE,FALSE,TRUE
0.845691383,0.714285714,0.333333333,0.8,0.529411765,0.1,0.2,0.958333333,0.111111111,0.72853717,0.696240602,0.748743719,0.506297229,FALSE,TRUE,FALSE
0.847695391,0.285714286,0.666666667,0.48,0.210084034,0.9,0,0.9,0.222222222,0.824940048,0.031077694,0.713567839,0.750629723,TRUE,FALSE,FALSE
0.849699399,1,1,0.12,0,0.666666667,1,0.766666667,0.555555556,0.706954436,0.370426065,0.236180905,0.307304786,FALSE,FALSE,TRUE
0.851703407,0.571428571,0.333333333,0.12,0.235294118,0.833333333,0.8,0.058333333,0,0.887769784,0.06716792,0.753768844,0.513853904,FALSE,TRUE,FALSE
0.853707415,0,0,0.68,0.974789916,0.866666667,0.6,0.333333333,0.111111111,0.055155875,0.322305764,0.922110553,0.858942065,FALSE,FALSE,TRUE
0.855711423,0.428571429,1,0.44,0.798319328,0.566666667,0,0.925,0,0.213429257,0.692230576,0.108040201,0.465994962,FALSE,TRUE,FALSE
0.857715431,0,0.333333333,0.2,0.957983193,0.533333333,0.8,0.15,0.444444444,0.53764988,0.629072682,0.233668342,0.35768262,FALSE,TRUE,FALSE
0.859719439,0.428571429,0.333333333,0.5,0.487394958,0.433333333,0.6,0.925,0.666666667,0.132374101,0.448120301,0.753768844,0.534005038,FALSE,TRUE,FALSE
0.861723447,0,0,0.06,0.100840336,0.333333333,0.4,0.85,0.777777778,0.752038369,0.20802005,0.27638191,0.717884131,TRUE,FALSE,FALSE
0.863727455,0.714285714,0,0.58,0.546218487,0.433333333,0,0.375,1,0.281055156,0.681203008,0.628140704,0.440806045,TRUE,FALSE,FALSE
0.865731463,0.571428571,0.666666667,0.26,0.453781513,0.766666667,0,0.225,0,0.141007194,0.419047619,0.08040201,0.942065491,FALSE,FALSE,TRUE
0.867735471,1,1,0.8,0.840336134,0.6,0.4,0.908333333,0.666666667,0.6441247,0.653634085,0.454773869,0.292191436,FALSE,TRUE,FALSE
0.869739479,0.428571429,1,0.32,0.092436975,0.9,0.4,1,0.444444444,0.24028777,0.181954887,0.743718593,0.473551637,FALSE,TRUE,FALSE
0.871743487,1,0.666666667,0.46,0.487394958,0.433333333,0,0.75,1,0.705995204,0.532330827,0.690954774,0.758186398,TRUE,FALSE,FALSE
0.873747495,1,1,0.02,0.142857143,0.6,0.4,0.558333333,0,0.702158273,0.923308271,0.819095477,0.690176322,FALSE,TRUE,FALSE
0.875751503,1,1,0.08,0.319327731,0.633333333,0.2,0.116666667,0.222222222,0.895443645,0.83358396,0.881909548,0.863979849,TRUE,FALSE,FALSE
0.877755511,0.857142857,1,0.4,0.731092437,0.6,0.6,0.816666667,0.666666667,0.560191847,0.938847118,0.77638191,1,FALSE,TRUE,FALSE
0.879759519,0.285714286,1,0.48,0.470588235,0.7,0.6,0.3,1,0.268585132,0.49924812,0.675879397,0.425692695,FALSE,FALSE,TRUE
0.881763527,0,1,0.6,0.369747899,0.233333333,0.6,0,0,0.056594724,0.893233083,0.032663317,0.105793451,FALSE,TRUE,FALSE
0.883767535,1,0,0.3,0.386554622,0.5,0.2,0.55,0.666666667,0.395203837,0.885714286,0.537688442,0.025188917,FALSE,TRUE,FALSE
0.885771543,0,1,0.7,0.453781513,0.1,0.4,0.916666667,0.444444444,0.13381295,0.056641604,0.037688442,0.727959698,TRUE,FALSE,FALSE
0.887775551,1,0,0.86,0.781512605,0.4,0.8,0.191666667,0,0.175059952,0.125313283,0.811557789,0.876574307,FALSE,TRUE,FALSE
0.889779559,0.428571429,1,0.78,0.890756303,0.5,0.4,0.216666667,0,0.828776978,0.546867168,0.32160804,0.216624685,FALSE,TRUE,FALSE
0.891783567,0.285714286,0.666666667,0.04,0.957983193,0.666666667,0,0.325,0,0.514148681,0.011528822,0.565326633,0.153652393,TRUE,FALSE,FALSE
0.893787575,0.285714286,0.333333333,0.48,0.781512605,0.966666667,1,0.516666667,0.888888889,0.885371703,1,0.281407035,0.057934509,FALSE,FALSE,TRUE
0.895791583,0.714285714,0,0.1,0.31092437,0.6,0.6,0.5,0.222222222,0.316067146,0.384461153,0.786432161,0.823677582,FALSE,FALSE,TRUE
0.897795591,0.857142857,1,0.24,0.68907563,0.733333333,0.4,0.291666667,0.444444444,0.046522782,0.381954887,0.891959799,0.309823678,TRUE,FALSE,FALSE
0.899799599,0.714285714,0.666666667,0.98,0.43697479,0.5,0.8,0.808333333,1,0.865227818,0.541353383,0.399497487,0.400503778,TRUE,FALSE,FALSE
0.901803607,0.714285714,0.333333333,0.14,0.25210084,0.633333333,0,0.766666667,0.888888889,0.264268585,0.602005013,0.866834171,0.501259446,TRUE,FALSE,FALSE
0.903807615,0.714285714,0,0.5,0.840336134,0.066666667,0.2,0.191666667,0.555555556,0.366426859,0.543358396,0.268844221,0.841309824,TRUE,FALSE,FALSE
0.905811623,0.714285714,0.333333333,0.62,0.033613445,0.266666667,0.2,0.191666667,0.888888889,0.415347722,0.5839599,0.537688442,0.649874055,TRUE,FALSE,FALSE
0.907815631,0.714285714,0.666666667,0.7,0.899159664,0.366666667,0.8,0.875,0.777777778,0.610551559,0.267669173,0.864321608,0.614609572,FALSE,FALSE,TRUE
0.909819639,0.571428571,0,0.56,0.453781513,0.466666667,0,0.025,0.777777778,0.645563549,0.864160401,0.326633166,0.171284635,FALSE,FALSE,TRUE
0.911823647,0.285714286,0.333333333,0,0.630252101,0.033333333,0.6,0.55,0,0.957793765,0.802005013,0.959798995,0.511335013,TRUE,FALSE,FALSE
0.913827655,0.714285714,1,0.32,0.655462185,0.133333333,0.4,0.275,0.888888889,0.783693046,0.819047619,0.123115578,0.715365239,FALSE,TRUE,FALSE
0.915831663,1,0,0.52,0.890756303,0.266666667,0,0.466666667,0.555555556,0.988009592,0.736842105,0.01758794,0.974811083,TRUE,FALSE,FALSE
0.917835671,0.285714286,0.333333333,0.08,0.630252101,0.966666667,0.2,0.4,0.888888889,0.417745803,0.473182957,0.909547739,0.198992443,FALSE,TRUE,FALSE
0.919839679,0.285714286,0.666666667,0.36,0.613445378,0.333333333,0.8,0.716666667,0.222222222,0.896882494,0.888721805,0.067839196,0.005037783,TRUE,FALSE,FALSE
0.921843687,0.142857143,0.666666667,0.04,0.058823529,0.466666667,0.8,0.433333333,0.222222222,0.124220624,0.129824561,0.997487437,0.070528967,TRUE,FALSE,FALSE
0.923847695,0.571428571,0,0.08,0.512605042,0.2,0.4,0.991666667,0.555555556,0.476258993,0.701754386,0.957286432,0.37279597,FALSE,FALSE,TRUE
0.925851703,0.714285714,0.333333333,0.4,0.142857143,0.6,0.8,0.958333333,0.888888889,0.298800959,0.837092732,0.138190955,0.82115869,FALSE,TRUE,FALSE
0.927855711,0,0,0.14,0.731092437,0.266666667,0.8,0.183333333,0.666666667,0.589448441,0.322807018,0.540201005,0.002518892,FALSE,TRUE,FALSE
0.929859719,0.428571429,0,0.56,0.504201681,0.2,0,0.9,0.222222222,0.438848921,0.961904762,0.185929648,0.455919395,FALSE,FALSE,TRUE
0.931863727,0.857142857,0.333333333,0.68,0.680672269,0.5,0.6,0.566666667,0.222222222,0.053717026,0.378446115,0.429648241,0.327455919,FALSE,FALSE,TRUE
0.933867735,1,0.333333333,0.8,0.033613445,0,0.4,0.783333333,0.111111111,0.919904077,0.300250627,0.06281407,0.047858942,FALSE,FALSE,TRUE
0.935871743,0,1,0.2,0.075630252,0,0,0.433333333,0.888888889,0.747721823,0.784461153,0.226130653,0.44836272,FALSE,FALSE,TRUE
0.937875752,0.571428571,0.333333333,0.16,0.714285714,0.233333333,0.6,0.508333333,0.222222222,0.217745803,0.957894737,0.364321608,0.251889169,FALSE,TRUE,FALSE
0.93987976,0.428571429,0.666666667,0.1,0.067226891,0.033333333,0,0.333333333,0.444444444,0.904076739,0.635588972,0.439698492,0.350125945,FALSE,TRUE,FALSE
0.941883768,0.571428571,0,0.64,0.067226891,0.1,1,0.466666667,0.888888889,0.927098321,0.901253133,0.98241206,0.705289673,TRUE,FALSE,FALSE
0.943887776,1,0,0.7,0,0.333333333,0,1,0.777777778,0.639328537,0.88320802,0.811557789,0.521410579,TRUE,FALSE,FALSE
0.945891784,0.285714286,0.666666667,0.04,0.957983193,0.8,0.8,0.491666667,0.111111111,0.910311751,0.744862155,0.74120603,0.120906801,FALSE,FALSE,TRUE
0.947895792,0.428571429,0.333333333,0.94,0.739495798,0.566666667,0.6,0.441666667,0.222222222,0.413908873,0.703759398,0.540201005,0.964735516,FALSE,FALSE,TRUE
0.9498998,0.285714286,0.666666667,0.06,0.344537815,0.5,0.4,0.575,0.111111111,0.775539568,0.468671679,0.844221106,0.634760705,FALSE,FALSE,TRUE
0.951903808,1,0.666666667,0.54,0.294117647,0.3,0.4,0.833333333,0.777777778,0.101199041,0.319799499,0.341708543,0.765743073,TRUE,FALSE,FALSE
0.953907816,0,1,0.7,0.344537815,0.933333333,0.6,0.466666667,0.555555556,0.214388489,0.405513784,0.713567839,0.075566751,TRUE,FALSE,FALSE
0.955911824,1,0.666666667,0.88,0.773109244,0.4,0.8,0.075,0.555555556,0.298800959,0.85112782,1,0.042821159,TRUE,FALSE,FALSE
0.957915832,0,0,0.72,0.655462185,0.1,0.2,0.325,0.888888889,0.38177458,0.827568922,0.316582915,0.01511335,TRUE,FALSE,FALSE
0.95991984,0.428571429,0.666666667,0.8,0.176470588,0.633333333,0,0.05,0.777777778,0.13381295,0.118796992,0.67839196,0.186397985,TRUE,FALSE,FALSE
0.961923848,0.428571429,0,0.34,0.168067227,0.1,0.8,0.85,0.333333333,0.778896882,0.440100251,0.849246231,0.413098237,TRUE,FALSE,FALSE
0.963927856,0.714285714,0,0.82,0.092436975,0.333333333,1,0.308333333,0.333333333,0.123741007,0.127819549,0.91959799,0.937027708,TRUE,FALSE,FALSE
0.965931864,0.571428571,0,0.08,0.655462185,0.5,0.6,0.7,0.888888889,0.208153477,0.627568922,0.721105528,0.455919395,FALSE,FALSE,TRUE
0.967935872,0.714285714,0.333333333,0.9,0.764705882,0.866666667,0,0.5,0,0.249880096,0.3839599,0.283919598,0.287153652,FALSE,FALSE,TRUE
0.96993988,0.571428571,1,0.54,0.260504202,0.5,0.4,0.691666667,0.111111111,0.437889688,0.47518797,0.329145729,0.561712846,FALSE,FALSE,TRUE
0.971943888,0.714285714,0,0.82,0.016806723,0.7,0.2,0.016666667,0.111111111,0.755395683,0.680200501,0.020100503,0.108312343,FALSE,FALSE,TRUE
0.973947896,0.285714286,0,0.46,0.075630252,1,1,0.416666667,0.555555556,0.576978417,0.528822055,0.763819095,0.609571788,TRUE,FALSE,FALSE
0.975951904,0.428571429,0.333333333,0.64,0.966386555,0.133333333,0.4,0.708333333,0.333333333,0.204316547,0.496240602,0.042713568,0.56675063,FALSE,TRUE,FALSE
0.977955912,0,0,0.52,0.285714286,0.266666667,0.6,0.383333333,1,0.971223022,0.798496241,0.869346734,0.793450882,TRUE,FALSE,FALSE
0.97995992,0.571428571,0.666666667,0.74,0.764705882,0.4,0,0.558333333,0.222222222,0.215827338,0.684210526,0.118090452,0.989924433,FALSE,TRUE,FALSE
0.981963928,1,0.666666667,0.08,0.621848739,0.433333333,0.6,0.758333333,0.222222222,0.761630695,0.206516291,0.173366834,0.246851385,FALSE,FALSE,TRUE
0.983967936,0.571428571,1,0.06,0.378151261,0.4,0,0.625,0.222222222,0.858033573,0.081704261,0.479899497,0.508816121,TRUE,FALSE,FALSE
0.985971944,0,0,0.24,0.201680672,0.9,0.8,0.308333333,0.555555556,0.886810552,0.639097744,0.74120603,0.911838791,FALSE,FALSE,TRUE
0.987975952,0.714285714,0.333333333,0.16,0.117647059,0.7,0.2,0.95,0.777777778,0.976019185,0.692230576,0.140703518,0.785894207,TRUE,FALSE,FALSE
0.98997996,0.571428571,0.666666667,0.88,0.613445378,0.6,0.8,0.291666667,0.666666667,0.475779376,0.804511278,0.442211055,0.486146096,FALSE,FALSE,TRUE
0.991983968,0.857142857,0.333333333,0.22,0.773109244,0.3,0.8,0.916666667,0.333333333,0.783693046,0.319799499,0.484924623,0.947103275,FALSE,TRUE,FALSE
0.993987976,0.285714286,0.333333333,0.98,0.638655462,0.833333333,0.6,0.333333333,0.333333333,0.006714628,0.676190476,0.213567839,0.052896725,FALSE,TRUE,FALSE
0.995991984,0.428571429,0.666666667,0.34,0.529411765,0.966666667,0.2,0.566666667,1,0.424940048,0.010025063,0.115577889,0.931989924,FALSE,TRUE,FALSE
0.997995992,0,0.333333333,0.18,0.033613445,0.833333333,0,0.1,0.111111111,0.864268585,0.673684211,0.841708543,0.04534005,TRUE,FALSE,FALSE
1,0.428571429,0.666666667,0.78,0.966386555,0,0,0.716666667,0,0.309832134,0.605012531,0.505025126,0.546599496,FALSE,TRUE,FALSE
